{"_timestamp":1.7419744158107939e+09,"mfu":42.24287515654725,"iter":40,"_step":8,"lr":3e-05,"_wandb":{"runtime":267},"val/loss":3.7949047088623047,"train/loss":3.7750744819641113,"_runtime":265.546190294}