{"_timestamp":1.7417054807264411e+09,"iter":20,"train/loss":2.733700752258301,"mfu":19.280466649500127,"val/loss":2.8614282608032227,"lr":3e-05,"_runtime":251.74701266,"_wandb":{"runtime":302},"_step":4}