{"train/loss":10.511482238769531,"_wandb":{"runtime":250},"_timestamp":1.741973955465413e+09,"val/loss":10.535876274108887,"iter":40,"mfu":29.32334215118633,"lr":3e-05,"_runtime":247.273585825,"_step":8}