{"train/loss":2.6521053314208984,"_step":4,"_runtime":254.194506347,"val/loss":2.855196952819824,"_timestamp":1.7417051448028681e+09,"_wandb":{"runtime":257},"mfu":22.56716767579871,"iter":20,"lr":3e-05}