{"val/loss":2.938924551010132,"train/loss":2.9994847774505615,"mfu":28.49873516358454,"_runtime":249.000387026,"_step":8,"iter":40,"_wandb":{"runtime":252},"lr":3e-05,"_timestamp":1.741996680483606e+09}