{"_timestamp":1.7419734860556102e+09,"mfu":26.83525041135023,"_wandb":{"runtime":386},"_step":8,"iter":40,"train/loss":6.944775581359863,"val/loss":6.885570526123047,"lr":3e-05,"_runtime":357.039775275}