{"train/loss":9.682161331176758,"mfu":44.0635860925948,"lr":3e-05,"_step":8,"iter":40,"_runtime":156.418460153,"_wandb":{"runtime":158},"val/loss":9.506307601928711,"_timestamp":1.741997005683044e+09}