{"_timestamp":1.7419962539192827e+09,"_step":8,"train/loss":3.0882644653320312,"val/loss":2.95229434967041,"_runtime":254.643113643,"iter":40,"mfu":28.329130759862576,"_wandb":{"runtime":258},"lr":3e-05}